Ogugua Anunoby / O.G. Anunoby						O.G. Anunoby
R.J. Barrett										RJ Barrett
Domantas Sabonis / Domas Sabonis					Domantas Sabonis
Dennis Schröder									Dennis Schroder
C.J. McCollum										CJ McCollum
Edrice Adebayo / Bam Adebayo						Bam Adebayo